{
  "eye": {
    "orientation": [
      0.08242903649806976,
      -0.8161330819129944,
      0.19906339049339294,
      0.5361959934234619
    ],
    "magnitude": 1,
    "position": [
      -287.96112060546875,
      -95.30233764648438,
      -80.85242462158203
    ]
  },
  "radius": 793.2212524414062,
  "type": "PERSPECTIVE"
}