{
  "eye": {
    "orientation": [
      0.6239852905273438,
      -0.563880205154419,
      0.5073617100715637,
      -0.18779167532920837
    ],
    "magnitude": 1,
    "position": [
      216.3161163330078,
      -86.48654174804688,
      -106.15215301513672
    ]
  },
  "radius": 256,
  "type": "ORTHOGRAPHIC"
}