{
  "eye": {
    "orientation": [
      1.6174900520127267E-4,
      1.6174900520127267E-4,
      1,
      -4.366136252542674E-8
    ],
    "magnitude": 1,
    "position": [
      -0.016924597322940826,
      -0.7998846173286438,
      37.7777099609375
    ]
  },
  "radius": 50,
  "type": "PERSPECTIVE"
}